run_id,step,from_local,to_local,from_label,to_label,ceiling_micro,ceiling_label,reason_he
run-8f3a1c,1,2026-08-17 12:12:04,2026-08-17 12:14:51,12:12:04,12:14:51,500000,$0.5000,אישור ראשוני
run-2c91e7,1,2026-08-18 14:02:18,2026-08-18 14:09:55,14:02:18,14:09:55,350000,$0.3500,אישור ראשוני
run-2c91e7,2,2026-08-18 14:09:55,2026-08-18 14:19:44,14:09:55,14:19:44,950000,$0.9500,הרחבה שאושרה באמצע הריצה
run-77de40,1,2026-08-19 17:31:00,2026-08-19 17:41:12,17:31:00,17:41:12,400000,$0.4000,אישור ראשוני
run-b41055,1,2026-08-25 11:44:02,2026-08-25 11:47:36,11:44:02,11:47:36,57860,$0.0579,אישור ראשוני
run-5d02b8,1,2026-08-25 16:20:11,,16:20:11,עדיין בתוקף,750000,$0.7500,אישור ראשוני
run-a1f709,1,2026-08-21 19:05:40,2026-08-21 19:05:47,19:05:40,19:05:47,300000,$0.3000,אישור ראשוני
run-6b8823,1,2026-08-20 13:00:00,2026-08-20 13:12:35,13:00:00,13:12:35,400000,$0.4000,אישור ראשוני
run-c33471,1,2026-08-22 11:00:00,2026-08-22 11:52:19,11:00:00,11:52:19,3000000,$3.0000,אישור ראשוני
run-9e21d4,1,2026-08-23 10:41:12,2026-08-23 10:49:58,10:41:12,10:49:58,800000,$0.8000,אישור ראשוני
run-11ab02,1,2026-08-12 12:30:00,2026-08-12 12:41:02,12:30:00,12:41:02,600000,$0.6000,אישור ראשוני
run-24cd51,1,2026-08-13 18:12:00,2026-08-13 18:38:47,18:12:00,18:38:47,1200000,$1.2000,אישור ראשוני
run-39ef77,1,2026-08-14 14:45:00,2026-08-14 14:52:30,14:45:00,14:52:30,250000,$0.2500,אישור ראשוני
run-48ba13,1,2026-08-15 20:20:00,2026-08-15 20:23:11,20:20:00,20:23:11,500000,$0.5000,אישור ראשוני
