run_id,bar_order,bar_name,value_micro,value_label,kind,bar_label
run-b41055,1,תקרה מאושרת,57860,$0.0579,ceiling,‫תקרה מאושרת: $0.0579‬
run-b41055,2,הוצאה בפועל,258108,$0.2581,over,‫הוצאה בפועל: $0.2581 · 446% מהתקרה‬
run-9e21d4,1,תקרה מאושרת,800000,$0.8000,ceiling,‫תקרה מאושרת: $0.8000‬
run-9e21d4,2,הוצאה ידועה (חסם תחתון),214800,$0.2148,spent,‫הוצאה ידועה (חסם תחתון): $0.2148 · 27% מהתקרה‬
run-9e21d4,3,שריון פתוח — לא ידוע אם חויב,260000,$0.2600,unknown,‫שריון פתוח — לא ידוע אם חויב: $0.2600‬
run-a1f709,1,תקרה מאושרת,300000,$0.3000,ceiling,‫תקרה מאושרת: $0.3000‬
run-a1f709,2,הוצאה בפועל,0,$0.0000,spent,‫הוצאה בפועל: $0.0000 · 0% מהתקרה‬
run-6b8823,1,תקרה מאושרת,400000,$0.4000,ceiling,‫תקרה מאושרת: $0.4000‬
run-6b8823,2,הוצאה בפועל,400000,$0.4000,spent,‫הוצאה בפועל: $0.4000 · 100% מהתקרה‬
run-48ba13,1,תקרה מאושרת,500000,$0.5000,ceiling,‫תקרה מאושרת: $0.5000‬
run-48ba13,2,הוצאה בפועל,41200,$0.0412,spent,‫הוצאה בפועל: $0.0412 · 8% מהתקרה‬
run-77de40,1,תקרה מאושרת,400000,$0.4000,ceiling,‫תקרה מאושרת: $0.4000‬
run-77de40,2,הוצאה בפועל,283600,$0.2836,spent,‫הוצאה בפועל: $0.2836 · 71% מהתקרה‬
run-2c91e7,1,תקציב מקורי,350000,$0.3500,initial,‫תקציב מקורי: $0.3500‬
run-2c91e7,2,תקרה מאושרת (אחרי הרחבה),950000,$0.9500,ceiling,‫תקרה מאושרת (אחרי הרחבה): $0.9500‬
run-2c91e7,3,הוצאה בפועל,712900,$0.7129,spent,‫הוצאה בפועל: $0.7129 · 75% מהתקרה‬
run-5d02b8,1,תקרה מאושרת,750000,$0.7500,ceiling,‫תקרה מאושרת: $0.7500‬
run-5d02b8,2,הוצאה בפועל (עד כה),194500,$0.1945,spent,‫הוצאה בפועל (עד כה): $0.1945 · 26% מהתקרה‬
run-c33471,1,תקרה מאושרת,3000000,$3.0000,ceiling,‫תקרה מאושרת: $3.0000‬
run-c33471,2,הוצאה בפועל,2418700,$2.4187,spent,‫הוצאה בפועל: $2.4187 · 81% מהתקרה‬
run-8f3a1c,1,תקרה מאושרת,500000,$0.5000,ceiling,‫תקרה מאושרת: $0.5000‬
run-8f3a1c,2,הוצאה בפועל,87430,$0.0874,spent,‫הוצאה בפועל: $0.0874 · 17% מהתקרה‬
run-39ef77,1,תקרה מאושרת,250000,$0.2500,ceiling,‫תקרה מאושרת: $0.2500‬
run-39ef77,2,הוצאה בפועל,163900,$0.1639,spent,‫הוצאה בפועל: $0.1639 · 66% מהתקרה‬
run-24cd51,1,תקרה מאושרת,1200000,$1.2000,ceiling,‫תקרה מאושרת: $1.2000‬
run-24cd51,2,הוצאה בפועל,884100,$0.8841,spent,‫הוצאה בפועל: $0.8841 · 74% מהתקרה‬
run-11ab02,1,תקרה מאושרת,600000,$0.6000,ceiling,‫תקרה מאושרת: $0.6000‬
run-11ab02,2,הוצאה בפועל,412300,$0.4123,spent,‫הוצאה בפועל: $0.4123 · 69% מהתקרה‬
