run_id,seq,at_local,at_label,offset_label,after_end,type,type_he,severity,severity_he,severity_icon,description
run-8f3a1c,1,2026-08-17 12:12:04,12:12:04,⁦+0⁩ שנ׳,0,budget_reserved,שוריין תקציב,info,שגרתי,●,שוריינו $0.0754 לקריאה הבאה
run-8f3a1c,2,2026-08-17 12:13:58,12:13:58,⁦+1⁩ דק׳ 54 שנ׳,0,web_search_performed,חיפושי רשת,info,שגרתי,●,"3 חיפושים, 14 מקורות"
run-8f3a1c,3,2026-08-17 12:14:51,12:14:51,⁦+2⁩ דק׳ 47 שנ׳,0,llm_call,קריאת מודל,info,שגרתי,●,קריאות מודל הושלמו (3 תורות לפי האירוע)
run-2c91e7,1,2026-08-18 14:08:41,14:08:41,⁦+6⁩ דק׳ 23 שנ׳,0,budget_overrun_80,עברה 80% מהתקרה,warning,לתשומת לב,⚠,הוצאו $0.2840 מתוך תקרה של $0.3500 (81%)
run-2c91e7,2,2026-08-18 14:08:41,14:08:41,⁦+6⁩ דק׳ 23 שנ׳,0,approval_requested,בקשת אישור,warning,לתשומת לב,⚠,התבקשה הרחבה של $0.6000
run-2c91e7,3,2026-08-18 14:09:55,14:09:55,⁦+7⁩ דק׳ 37 שנ׳,0,approval_resolved,בקשה אושרה,info,שגרתי,●,אושרה על ידי מנהל המערכת אחרי 74 שניות
run-2c91e7,4,2026-08-18 14:09:55,14:09:55,⁦+7⁩ דק׳ 37 שנ׳,0,budget_ceiling_extended,התקרה הועלתה,warning,לתשומת לב,⚠,התקרה הועלתה מ-$0.3500 ל-$0.9500
run-77de40,1,2026-08-19 17:31:01,17:31:01,⁦+1⁩ שנ׳,0,execution_cap_downgraded,איכות הורדה,warning,לתשומת לב,⚠,רכזת המחקר: מספר החיפושים הוקטן מ-4 ל-2 (לא נשאר מספיק תקציב)
run-77de40,2,2026-08-19 17:39:40,17:39:40,⁦+8⁩ דק׳ 40 שנ׳,0,execution_cap_downgraded,איכות הורדה,warning,לתשומת לב,⚠,"כותב הדוח: אורך הפלט הוגבל מ-3,000 ל-1,200 טוקנים (לא נשאר מספיק תקציב)"
run-b41055,1,2026-08-25 11:47:36,11:47:36,⁦+3⁩ דק׳ 34 שנ׳,0,budget_overrun_detected,חריגה מהתקרה,critical,חמור,✖,ההוצאה בפועל $0.2581 עברה את התקרה $0.0579 — 446% מהתקרה
run-5d02b8,1,2026-08-25 16:20:11,16:20:11,⁦+0⁩ שנ׳,0,budget_reserved,שוריין תקציב,info,שגרתי,●,שוריינו $0.2100 לקריאה הבאה
run-a1f709,1,2026-08-21 19:05:47,19:05:47,⁦+7⁩ שנ׳,0,llm_call_failed,קריאת מודל נכשלה,critical,חמור,✖,חוקר אינטגרציות: provider timeout after 600s
run-6b8823,1,2026-08-20 13:11:10,13:11:10,⁦+11⁩ דק׳ 10 שנ׳,0,budget_hard_stop_95,עצירה קשה ב-95%,critical,חמור,✖,הוצאו $0.3720 מתוך תקרה של $0.4000 (93%)
run-6b8823,2,2026-08-20 13:12:35,13:12:35,⁦+12⁩ דק׳ 35 שנ׳,0,approval_requested,בקשת אישור,warning,לתשומת לב,⚠,התבקשה הרחבה של $0.2500
run-6b8823,3,2026-08-20 13:14:35,13:14:35,⁦+14⁩ דק׳ 35 שנ׳,1,approval_denied,בקשה נדחתה,critical,חמור,✖,לא התקבל מענה תוך 120 שניות — הבקשה נדחתה אוטומטית
run-6b8823,4,2026-08-20 13:14:35,13:14:35,⁦+14⁩ דק׳ 35 שנ׳,1,budget_exhausted,התקציב מוצה,critical,חמור,✖,התקציב מוצה — סוכן אחד לא הופעל
run-c33471,1,2026-08-22 11:12:40,11:12:40,⁦+12⁩ דק׳ 40 שנ׳,0,web_search_performed,חיפושי רשת,info,שגרתי,●,"14 חיפושים, 61 מקורות"
run-9e21d4,1,2026-08-23 10:46:02,10:46:02,⁦+4⁩ דק׳ 50 שנ׳,0,budget_reserved,שוריין תקציב,info,שגרתי,●,שוריינו $0.2600 לקריאה הבאה
run-9e21d4,2,2026-08-23 10:49:58,10:49:58,⁦+8⁩ דק׳ 46 שנ׳,0,process_terminated,התהליך מת,critical,חמור,✖,אנליסט שכר: התהליך יצא באמצע קריאה לספק
run-9e21d4,3,2026-08-23 10:49:58,10:49:58,⁦+8⁩ דק׳ 46 שנ׳,0,budget_reservation_unresolved,שריון לא סוכם,critical,חמור,✖,שוריינו $0.2600 ולא סוכמו — ייתכן שהספק חייב וייתכן שלא. נדרשת התאמה ידנית
run-48ba13,1,2026-08-15 20:23:11,20:23:11,⁦+3⁩ דק׳ 11 שנ׳,0,llm_call_failed,קריאת מודל נכשלה,critical,חמור,✖,רכזת המחקר: invalid_request: context length exceeded
