run_id,operation_id,operation_display,call_id,turn,node_id,agent_name,settled,settled_he,estimated_micro,actual_micro,estimated_label,actual_label,delta_micro,delta_pct,input_tokens,output_tokens,cache_read_tokens,cache_creation_tokens,web_search_count,max_tokens_cap,max_searches_cap,output_over_cap,searches_over_cap
run-8f3a1c,01H8F3A:t0,⁦01H8F3A:t0⁩,01H8F3A,0,n1,רכזת המחקר,1,סוכם,75400,61200,$0.0754,$0.0612,-14200,-19,452,3180,21234,0,3,2000,4,1,0
run-8f3a1c,01H8F3B:t0,⁦01H8F3B:t0⁩,01H8F3B,0,n2,אנליסט תמחור,1,סוכם,30000,18100,$0.0300,$0.0181,-11900,-40,1890,940,4100,0,0,2000,0,0,0
run-8f3a1c,01H8F3C:t0,⁦01H8F3C:t0⁩,01H8F3C,0,n3,כותב הדוח,1,סוכם,21000,8130,$0.0210,$0.0081,-12870,-61,2240,610,3900,0,0,3000,0,0,0
run-2c91e7,01H2C91A:t0,⁦01H2C91A:t0⁩,01H2C91A,0,n1,חוקרת רגולציה,1,סוכם,180000,171800,$0.1800,$0.1718,-8200,-5,480,5920,18400,0,4,2000,5,1,0
run-2c91e7,01H2C91A:t1,⁦01H2C91A:t1⁩,01H2C91A,1,n1,חוקרת רגולציה,1,סוכם,180000,230500,$0.1800,$0.2305,50500,28,6310,6100,22800,0,5,2000,5,1,0
run-2c91e7,01H2C91B:t0,⁦01H2C91B:t0⁩,01H2C91B,0,n2,אנליסטית השפעות,1,סוכם,240000,221400,$0.2400,$0.2214,-18600,-8,7100,4200,31000,0,0,4000,0,1,0
run-2c91e7,01H2C91C:t0,⁦01H2C91C:t0⁩,01H2C91C,0,n3,מבקר איכות,1,סוכם,70000,61900,$0.0700,$0.0619,-8100,-12,4300,1200,9800,0,0,2000,0,0,0
run-2c91e7,01H2C91D:t0,⁦01H2C91D:t0⁩,01H2C91D,0,n4,כותב הדוח,1,סוכם,45000,27300,$0.0450,$0.0273,-17700,-39,3100,1450,7200,0,0,3000,0,0,0
run-77de40,01H77DEA:t0,⁦01H77DEA:t0⁩,01H77DEA,0,n1,רכזת המחקר,1,סוכם,210000,198400,$0.2100,$0.1984,-11600,-6,460,4100,16200,0,2,2000,2,1,0
run-77de40,01H77DEB:t0,⁦01H77DEB:t0⁩,01H77DEB,0,n2,אנליסט תמחור,1,סוכם,80000,61300,$0.0800,$0.0613,-18700,-23,4900,1800,11000,0,0,2000,0,0,0
run-77de40,01H77DEC:t0,⁦01H77DEC:t0⁩,01H77DEC,0,n3,כותב הדוח,1,סוכם,30000,23900,$0.0300,$0.0239,-6100,-20,2800,900,6100,0,0,1200,0,0,0
run-b41055,01HB4105:t0,⁦01HB4105:t0⁩,01HB4105,0,n1,חוקר תשתיות,1,סוכם,52600,258108,$0.0526,$0.2581,205508,391,446,6129,0,0,1,2000,1,1,0
run-5d02b8,01H5D02A:t0,⁦01H5D02A:t0⁩,01H5D02A,0,n1,רכזת המחקר,1,סוכם,210000,194500,$0.2100,$0.1945,-15500,-7,470,3900,15800,0,3,2000,4,1,0
run-6b8823,01H6B882:t0,⁦01H6B882:t0⁩,01H6B882,0,n1,חוקרת אבטחה,1,סוכם,380000,372000,$0.3800,$0.3720,-8000,-2,500,7100,24000,0,5,2000,5,1,0
run-6b8823,01H6B883:t0,⁦01H6B883:t0⁩,01H6B883,0,n2,מבקר איכות,1,סוכם,30000,28000,$0.0300,$0.0280,-2000,-7,3200,800,5100,0,0,2000,0,0,0
run-c33471,01HC3341:t0,⁦01HC3341:t0⁩,01HC3341,0,n1,רכזת מחקר ראשית לתחומי רגולציה וממשל תאגידי,1,סוכם,420000,401100,$0.4200,$0.4011,-18900,-5,490,6200,19000,0,5,2000,5,1,0
run-c33471,01HC3341:t1,⁦01HC3341:t1⁩,01HC3341,1,n1,רכזת מחקר ראשית לתחומי רגולציה וממשל תאגידי,1,סוכם,420000,411300,$0.4200,$0.4113,-8700,-2,6800,6400,24000,0,4,2000,5,1,0
run-c33471,01HC3342:t0,⁦01HC3342:t0⁩,01HC3342,0,n2,חוקר שוק,1,סוכם,640000,601200,$0.6400,$0.6012,-38800,-6,480,8100,26000,0,5,2000,5,1,0
run-c33471,01HC3343:t0,⁦01HC3343:t0⁩,01HC3343,0,n3,אנליסט עלויות,1,סוכם,430000,402100,$0.4300,$0.4021,-27900,-6,9200,5100,38000,0,0,4000,0,1,0
run-c33471,01HC3344:t0,⁦01HC3344:t0⁩,01HC3344,0,n4,אנליסטית משאבי אנוש,1,סוכם,350000,318800,$0.3500,$0.3188,-31200,-9,8400,4200,31000,0,0,4000,0,1,0
run-c33471,01HC3345:t0,⁦01HC3345:t0⁩,01HC3345,0,n5,מבקר איכות,1,סוכם,160000,141200,$0.1600,$0.1412,-18800,-12,7100,2100,17000,0,0,2000,0,1,0
run-c33471,01HC3346:t0,⁦01HC3346:t0⁩,01HC3346,0,n6,כותב הדוח,1,סוכם,180000,143000,$0.1800,$0.1430,-37000,-21,6900,3400,15000,0,0,6000,0,0,0
run-9e21d4,01H9E21A:t0,⁦01H9E21A:t0⁩,01H9E21A,0,n1,רכזת המחקר,1,סוכם,240000,214800,$0.2400,$0.2148,-25200,-11,470,4100,17300,0,3,2000,4,1,0
run-9e21d4,01H9E21B:t0,⁦01H9E21B:t0⁩,01H9E21B,0,n2,אנליסט שכר,0,לא סוכם — לא ידוע,260000,,$0.2600,לא ידוע,,,,,,,,,,0,0
run-11ab02,0111AB02A:t0,⁦0111AB02A:t0⁩,0111AB02A,0,n1,רכזת המחקר,1,סוכם,600000,288610,$0.6000,$0.2886,-311390,-52,460,3400,14000,0,2,2000,4,1,0
run-24cd51,0124CD51A:t0,⁦0124CD51A:t0⁩,0124CD51A,0,n1,רכזת המחקר,1,סוכם,1200000,618870,$1.2000,$0.6189,-581130,-48,460,3400,14000,0,2,2000,4,1,0
run-39ef77,0139EF77A:t0,⁦0139EF77A:t0⁩,0139EF77A,0,n1,רכזת המחקר,1,סוכם,250000,114730,$0.2500,$0.1147,-135270,-54,460,3400,14000,0,2,2000,4,1,0
run-48ba13,0148BA13A:t0,⁦0148BA13A:t0⁩,0148BA13A,0,n1,רכזת המחקר,1,סוכם,500000,28840,$0.5000,$0.0288,-471160,-94,460,3400,14000,0,2,2000,4,1,0
