run_id,title,run_id_display,verdict_label,tone,meta,reasons,reasons_tone,cost_big,cost_sub
run-b41055,‫השוואת מסדי נתונים וקטוריים ל-RAG‬,⁦run-b41055⁩,‫! חריגה מהתקרה‬,critical,"‫מצב: הושלמה · תוצאה: הצליחה · ביקש/ה: אביב ש. · סוכן אחד‬
‫‏התחילה ⁦25.08.2026 11:44⁩ · משך: 3 דק׳ 34 שנ׳‬",‫✖ ההוצאה $0.2581 עברה את התקרה $0.0579 (446%)‬,critical,‫$0.2581‬,‫מתוך $0.0579 · 446% מהתקרה‬
run-9e21d4,‫ניתוח מגמות שכר בענף ההייטק‬,⁦run-9e21d4⁩,‫? עלות לא ידועה — דורש התאמה‬,critical,"‫מצב: נכשלה · תוצאה: נכשלה · ביקש/ה: אביב ש. · 3 סוכנים‬
‫‏התחילה ⁦23.08.2026 10:41⁩ · משך: 8 דק׳ 46 שנ׳‬","‫✖ עלות לא סופית: $0.2600 שוריינו ולא סוכמו — לא ידוע אם חויבנו (והעלות עשויה להיות גבוהה יותר)‬
‫✖ הריצה נכשלה: ⁦התהליך מת באמצע קריאה למודל⁩‬",critical,‫לפחות $0.2148‬,"‫מתוך $0.8000 · לפחות 27% מהתקרה‬
‫‏+ $0.2600 בשריון פתוח, לא ידוע אם חויב‬"
run-a1f709,‫בדיקת היתכנות אינטגרציה מול ספק חיצוני‬,⁦run-a1f709⁩,‫✖ נכשלה‬,critical,"‫מצב: נכשלה · תוצאה: נכשלה · ביקש/ה: אביב ש. · סוכן אחד‬
‫‏התחילה ⁦21.08.2026 19:05⁩ · משך: 7 שנ׳‬","‫✖ הריצה נכשלה: ⁦provider timeout after 600s⁩‬
‫ⓘ שגיאת timeout של 600 שנ׳ אינה תואמת משך ריצה של 7 שנ׳ — אי-התאמה בנתונים‬",critical,‫$0.0000‬,‫מתוך $0.3000 · 0% מהתקרה‬
run-6b8823,‫סיכום ממצאי סקר אבטחת מידע‬,⁦run-6b8823⁩,‫◑ חלקית — התקציב מוצה‬,critical,"‫מצב: הושלמה חלקית · תוצאה: חלקית · ביקש/ה: מנהל המערכת · 3 סוכנים‬
‫‏התחילה ⁦20.08.2026 13:00⁩ · משך: 12 דק׳ 35 שנ׳‬","‫✖ בקשה להרחבת תקציב לא נענתה (פג הזמן)‬
‫✖ התקציב מוצה — סוכן אחד לא הופעל‬",critical,‫$0.4000‬,‫מתוך $0.4000 · 100% מהתקרה‬
run-48ba13,‫מיפוי שותפים פוטנציאליים בגרמניה‬,⁦run-48ba13⁩,‫✖ נכשלה‬,critical,"‫מצב: נכשלה · תוצאה: נכשלה · ביקש/ה: אביב ש. · 2 סוכנים‬
‫‏התחילה ⁦15.08.2026 20:20⁩ · משך: 3 דק׳ 11 שנ׳‬","‫✖ פער לא מוסבר של $0.0124 בין העלות המדווחת לסכום עלויות הסוכנים‬
‫✖ הריצה נכשלה: ⁦invalid_request: context length exceeded⁩‬",critical,‫$0.0412‬,‫מתוך $0.5000 · 8% מהתקרה‬
run-77de40,‫ניתוח תמחור מתחרים לקראת השקה‬,⁦run-77de40⁩,"‫▼ הצליחה, באיכות מופחתת‬",warning,"‫מצב: הושלמה · תוצאה: הצליחה · ביקש/ה: אורית ל. · 3 סוכנים‬
‫‏התחילה ⁦19.08.2026 17:31⁩ · משך: 10 דק׳ 12 שנ׳‬","‫⚠ איכות הורדה כדי להיכנס לתקציב: רכזת המחקר: חיפושים 4←2; כותב הדוח: אורך פלט 3,000←1,200 טוקנים‬",warning,‫$0.2836‬,‫מתוך $0.4000 · 71% מהתקרה‬
run-2c91e7,‫סקירת רגולציית פרטיות באיחוד האירופי‬,⁦run-2c91e7⁩,"‫▲ הצליחה, אחרי הרחבת תקציב‬",warning,"‫מצב: הושלמה · תוצאה: הצליחה · ביקש/ה: מנהל המערכת · 4 סוכנים‬
‫‏התחילה ⁦18.08.2026 14:02⁩ · משך: 17 דק׳ 26 שנ׳‬",‫⚠ התקרה הורחבה באמצע הריצה מ-$0.3500 ל-$0.9500 (אישר: מנהל המערכת); ההוצאה היא 204% מהתקציב המקורי‬,warning,‫$0.7129‬,"‫מתוך $0.9500 · 75% מהתקרה‬
‫‏204% מהתקציב המקורי ($0.3500)‬"
run-5d02b8,‫ניתוח משוב לקוחות — רבעון 3‬,⁦run-5d02b8⁩,‫◔ בריצה — טרם הסתיימה‬,neutral,"‫מצב: בריצה · תוצאה: טרם נקבעה · ביקש/ה: אורית ל. · 3 סוכנים‬
‫‏התחילה ⁦25.08.2026 16:20⁩ · משך: טרם הסתיימה‬",‫✔ אין דבר שדורש תשומת לב‬,ok,‫$0.1945‬,‫מתוך $0.7500 · 26% (עד כה) מהתקרה‬
run-c33471,"‫סקירה משולבת של מגמות אימוץ בינה מלאכותית בארגונים בינוניים בישראל, כולל חסמי רגולציה, עלויות הטמעה והשפעה על תהליכי גיוס‬",⁦run-c33471⁩,‫✔ הצליחה‬,ok,"‫מצב: הושלמה · תוצאה: הצליחה · ביקש/ה: מנהל המערכת · 6 סוכנים‬
‫‏התחילה ⁦22.08.2026 11:00⁩ · משך: 52 דק׳ 19 שנ׳‬",‫✔ אין דבר שדורש תשומת לב‬,ok,‫$2.4187‬,‫מתוך $3.0000 · 81% מהתקרה‬
run-8f3a1c,‫מיפוי מתחרים בשוק ניהול הפרויקטים‬,⁦run-8f3a1c⁩,‫✔ הצליחה‬,ok,"‫מצב: הושלמה · תוצאה: הצליחה · ביקש/ה: אורית ל. · 3 סוכנים‬
‫‏התחילה ⁦17.08.2026 12:12⁩ · משך: 2 דק׳ 47 שנ׳‬",‫✔ אין דבר שדורש תשומת לב‬,ok,‫$0.0874‬,‫מתוך $0.5000 · 17% מהתקרה‬
run-39ef77,‫בדיקת עמידה בתקן נגישות‬,⁦run-39ef77⁩,‫✔ הצליחה‬,ok,"‫מצב: הושלמה · תוצאה: הצליחה · ביקש/ה: אורית ל. · 2 סוכנים‬
‫‏התחילה ⁦14.08.2026 14:45⁩ · משך: 7 דק׳ 30 שנ׳‬",‫ⓘ לחלק מהסוכנים אין רשומות קריאה — נתוני שימוש חסרים‬,muted,‫$0.1639‬,‫מתוך $0.2500 · 66% מהתקרה‬
run-24cd51,‫סקירת ספקי ענן להעברת עומסים‬,⁦run-24cd51⁩,‫✔ הצליחה‬,ok,"‫מצב: הושלמה · תוצאה: הצליחה · ביקש/ה: אביב ש. · 2 סוכנים‬
‫‏התחילה ⁦13.08.2026 18:12⁩ · משך: 26 דק׳ 47 שנ׳‬",‫ⓘ לחלק מהסוכנים אין רשומות קריאה — נתוני שימוש חסרים‬,muted,‫$0.8841‬,‫מתוך $1.2000 · 74% מהתקרה‬
run-11ab02,‫ניתוח נטישת משתמשים באפליקציה‬,⁦run-11ab02⁩,‫✔ הצליחה‬,ok,"‫מצב: הושלמה · תוצאה: הצליחה · ביקש/ה: אורית ל. · 2 סוכנים‬
‫‏התחילה ⁦12.08.2026 12:30⁩ · משך: 11 דק׳ 2 שנ׳‬",‫ⓘ לחלק מהסוכנים אין רשומות קריאה — נתוני שימוש חסרים‬,muted,‫$0.4123‬,‫מתוך $0.6000 · 69% מהתקרה‬
