run_id,run_id_display,title,requested_by,status,status_he,outcome,outcome_he,verdict,verdict_he,verdict_icon,verdict_label,tone,tone_he,sort_rank,needs_attention,attention_reasons,attention_tones,reasons_tone,attention_count,initial_micro,approved_micro,spent_micro,open_reservation_micro,unresolved_micro,extension_micro,remaining_micro,pct_of_approved,pct_of_initial,initial_label,approved_label,spent_label,spent_full,pct_label,budget_label,cost_is_complete,is_extended,is_overrun,is_downgraded,is_running,downgrade_count,cost_gap_micro,started_utc,started_local,started_label,ended_local,ended_label,duration_sec,duration_label,agent_count,order_index
run-b41055,⁦run-b41055⁩,השוואת מסדי נתונים וקטוריים ל-RAG,אביב ש.,completed,הושלמה,succeeded,הצליחה,overrun,חריגה מהתקרה,!,! חריגה מהתקרה,critical,דורש בירור,0,1,ההוצאה $0.2581 עברה את התקרה $0.0579 (446%),critical,critical,1,57860,57860,258108,0,0,0,-200248,446,446,$0.0579,$0.0579,$0.2581,$0.258108,446%,$0.0579,1,0,1,0,0,0,0,2026-08-25T08:44:02Z,2026-08-25 11:44:02,25.08.2026 11:44,2026-08-25 11:47:36,25.08.2026 11:47,214,3 דק׳ 34 שנ׳,1,1
run-9e21d4,⁦run-9e21d4⁩,ניתוח מגמות שכר בענף ההייטק,אביב ש.,failed,נכשלה,failed,נכשלה,cost_unknown,עלות לא ידועה — דורש התאמה,?,? עלות לא ידועה — דורש התאמה,critical,דורש בירור,0,1,עלות לא סופית: $0.2600 שוריינו ולא סוכמו — לא ידוע אם חויבנו (והעלות עשויה להיות גבוהה יותר) • הריצה נכשלה: ⁦התהליך מת באמצע קריאה למודל⁩,critical • critical,critical,2,800000,800000,214800,260000,260000,0,585200,27,27,$0.8000,$0.8000,לפחות $0.2148,$0.214800,לפחות 27%,$0.8000,0,0,0,0,0,0,0,2026-08-23T07:41:12Z,2026-08-23 10:41:12,23.08.2026 10:41,2026-08-23 10:49:58,23.08.2026 10:49,526,8 דק׳ 46 שנ׳,3,2
run-a1f709,⁦run-a1f709⁩,בדיקת היתכנות אינטגרציה מול ספק חיצוני,אביב ש.,failed,נכשלה,failed,נכשלה,failed,נכשלה,✖,✖ נכשלה,critical,דורש בירור,0,1,הריצה נכשלה: ⁦provider timeout after 600s⁩ • שגיאת timeout של 600 שנ׳ אינה תואמת משך ריצה של 7 שנ׳ — אי-התאמה בנתונים,critical • info,critical,1,300000,300000,0,0,0,0,300000,0,0,$0.3000,$0.3000,$0.0000,$0.000000,0%,$0.3000,1,0,0,0,0,0,0,2026-08-21T16:05:40Z,2026-08-21 19:05:40,21.08.2026 19:05,2026-08-21 19:05:47,21.08.2026 19:05,7,7 שנ׳,1,3
run-6b8823,⁦run-6b8823⁩,סיכום ממצאי סקר אבטחת מידע,מנהל המערכת,partial,הושלמה חלקית,partial,חלקית,partial,חלקית — התקציב מוצה,◑,◑ חלקית — התקציב מוצה,critical,דורש בירור,0,1,בקשה להרחבת תקציב לא נענתה (פג הזמן) • התקציב מוצה — סוכן אחד לא הופעל,critical • critical,critical,2,400000,400000,400000,0,0,0,0,100,100,$0.4000,$0.4000,$0.4000,$0.400000,100%,$0.4000,1,0,0,0,0,0,0,2026-08-20T10:00:00Z,2026-08-20 13:00:00,20.08.2026 13:00,2026-08-20 13:12:35,20.08.2026 13:12,755,12 דק׳ 35 שנ׳,3,4
run-48ba13,⁦run-48ba13⁩,מיפוי שותפים פוטנציאליים בגרמניה,אביב ש.,failed,נכשלה,failed,נכשלה,failed,נכשלה,✖,✖ נכשלה,critical,דורש בירור,0,1,פער לא מוסבר של $0.0124 בין העלות המדווחת לסכום עלויות הסוכנים • הריצה נכשלה: ⁦invalid_request: context length exceeded⁩,critical • critical,critical,2,500000,500000,41200,0,0,0,458800,8,8,$0.5000,$0.5000,$0.0412,$0.041200,8%,$0.5000,1,0,0,0,0,0,12360,2026-08-15T17:20:00Z,2026-08-15 20:20:00,15.08.2026 20:20,2026-08-15 20:23:11,15.08.2026 20:23,191,3 דק׳ 11 שנ׳,2,5
run-77de40,⁦run-77de40⁩,ניתוח תמחור מתחרים לקראת השקה,אורית ל.,completed,הושלמה,succeeded,הצליחה,downgraded,"הצליחה, באיכות מופחתת",▼,"▼ הצליחה, באיכות מופחתת",warning,לידיעה,1,0,"איכות הורדה כדי להיכנס לתקציב: רכזת המחקר: חיפושים 4←2; כותב הדוח: אורך פלט 3,000←1,200 טוקנים",warning,warning,1,400000,400000,283600,0,0,0,116400,71,71,$0.4000,$0.4000,$0.2836,$0.283600,71%,$0.4000,1,0,0,1,0,2,0,2026-08-19T14:31:00Z,2026-08-19 17:31:00,19.08.2026 17:31,2026-08-19 17:41:12,19.08.2026 17:41,612,10 דק׳ 12 שנ׳,3,6
run-2c91e7,⁦run-2c91e7⁩,סקירת רגולציית פרטיות באיחוד האירופי,מנהל המערכת,completed,הושלמה,succeeded,הצליחה,extended,"הצליחה, אחרי הרחבת תקציב",▲,"▲ הצליחה, אחרי הרחבת תקציב",warning,לידיעה,1,0,התקרה הורחבה באמצע הריצה מ-$0.3500 ל-$0.9500 (אישר: מנהל המערכת); ההוצאה היא 204% מהתקציב המקורי,warning,warning,1,350000,950000,712900,0,0,600000,237100,75,204,$0.3500,$0.9500,$0.7129,$0.712900,75%,$0.9500 (במקור $0.3500),1,1,0,0,0,0,0,2026-08-18T11:02:18Z,2026-08-18 14:02:18,18.08.2026 14:02,2026-08-18 14:19:44,18.08.2026 14:19,1046,17 דק׳ 26 שנ׳,4,7
run-5d02b8,⁦run-5d02b8⁩,ניתוח משוב לקוחות — רבעון 3,אורית ל.,running,בריצה,,טרם נקבעה,running,בריצה — טרם הסתיימה,◔,◔ בריצה — טרם הסתיימה,neutral,בתהליך,2,0,,,ok,0,750000,750000,194500,0,0,0,555500,26,26,$0.7500,$0.7500,$0.1945,$0.194500,26% (עד כה),$0.7500,1,0,0,0,1,0,0,2026-08-25T13:20:11Z,2026-08-25 16:20:11,25.08.2026 16:20,,טרם הסתיימה,,טרם הסתיימה,3,8
run-c33471,⁦run-c33471⁩,"סקירה משולבת של מגמות אימוץ בינה מלאכותית בארגונים בינוניים בישראל, כולל חסמי רגולציה, עלויות הטמעה והשפעה על תהליכי גיוס",מנהל המערכת,completed,הושלמה,succeeded,הצליחה,succeeded,הצליחה,✔,✔ הצליחה,ok,תקין,3,0,,,ok,0,3000000,3000000,2418700,0,0,0,581300,81,81,$3.0000,$3.0000,$2.4187,$2.418700,81%,$3.0000,1,0,0,0,0,0,0,2026-08-22T08:00:00Z,2026-08-22 11:00:00,22.08.2026 11:00,2026-08-22 11:52:19,22.08.2026 11:52,3139,52 דק׳ 19 שנ׳,6,9
run-8f3a1c,⁦run-8f3a1c⁩,מיפוי מתחרים בשוק ניהול הפרויקטים,אורית ל.,completed,הושלמה,succeeded,הצליחה,succeeded,הצליחה,✔,✔ הצליחה,ok,תקין,3,0,,,ok,0,500000,500000,87430,0,0,0,412570,17,17,$0.5000,$0.5000,$0.0874,$0.087430,17%,$0.5000,1,0,0,0,0,0,0,2026-08-17T09:12:04Z,2026-08-17 12:12:04,17.08.2026 12:12,2026-08-17 12:14:51,17.08.2026 12:14,167,2 דק׳ 47 שנ׳,3,10
run-39ef77,⁦run-39ef77⁩,בדיקת עמידה בתקן נגישות,אורית ל.,completed,הושלמה,succeeded,הצליחה,succeeded,הצליחה,✔,✔ הצליחה,ok,תקין,3,0,לחלק מהסוכנים אין רשומות קריאה — נתוני שימוש חסרים,info,muted,0,250000,250000,163900,0,0,0,86100,66,66,$0.2500,$0.2500,$0.1639,$0.163900,66%,$0.2500,1,0,0,0,0,0,0,2026-08-14T11:45:00Z,2026-08-14 14:45:00,14.08.2026 14:45,2026-08-14 14:52:30,14.08.2026 14:52,450,7 דק׳ 30 שנ׳,2,11
run-24cd51,⁦run-24cd51⁩,סקירת ספקי ענן להעברת עומסים,אביב ש.,completed,הושלמה,succeeded,הצליחה,succeeded,הצליחה,✔,✔ הצליחה,ok,תקין,3,0,לחלק מהסוכנים אין רשומות קריאה — נתוני שימוש חסרים,info,muted,0,1200000,1200000,884100,0,0,0,315900,74,74,$1.2000,$1.2000,$0.8841,$0.884100,74%,$1.2000,1,0,0,0,0,0,0,2026-08-13T15:12:00Z,2026-08-13 18:12:00,13.08.2026 18:12,2026-08-13 18:38:47,13.08.2026 18:38,1607,26 דק׳ 47 שנ׳,2,12
run-11ab02,⁦run-11ab02⁩,ניתוח נטישת משתמשים באפליקציה,אורית ל.,completed,הושלמה,succeeded,הצליחה,succeeded,הצליחה,✔,✔ הצליחה,ok,תקין,3,0,לחלק מהסוכנים אין רשומות קריאה — נתוני שימוש חסרים,info,muted,0,600000,600000,412300,0,0,0,187700,69,69,$0.6000,$0.6000,$0.4123,$0.412300,69%,$0.6000,1,0,0,0,0,0,0,2026-08-12T09:30:00Z,2026-08-12 12:30:00,12.08.2026 12:30,2026-08-12 12:41:02,12.08.2026 12:41,662,11 דק׳ 2 שנ׳,2,13
